idConecta,nomePoPs,nomePais,siglaPais,idPoPsConectado,unidadeMedida,velocidade
99,Kaunas ,Lithuania,LT,108,G,10
110,Brasilia,Brazil,BR,28,M,20
126,PoPs-C3,Chile,CL,62,G,1
6,Belo Horizonte,Brazil,BR,31,G,10
147,Frankfurt,Germany,,75,G,10
149,Paris,France,FR,103,G,5
1,Recife,Brazil,BR,22,G,3
139,Poznan,Poland,PL,99,G,10
104,Oslo,Norway,NO,105,G,5
80,Chisinau,,MD,82,G,1
43,RC-12,Chile,,49,G,1
97,Ljubljana ,Slovenia,SL,98,G,5
121,Sao Paulo,,BR,26,G,20
152,Milan,Italy,IT,84,G,10
155,Sofia,Bulgaria,BG,89,M,155
47,PoPs-C3,,CL,63,G,1
53,Antofagasta,Chile,CL,54,M,155
138,Amsterdam,Netherlands,NL,73,G,5
3,Campina Grande,Brazil,BR,4,G,10
25,Inetnet Comercial,Brazil,BR,,,
87,Msida,Malta,MT,,,
45,PoPs-C1,Chile,CL,56,G,1
19,Rio Branco,Brazil,,,,
65,PoPs-C5,Chile,,,,
24,RedCLARA,Brazil,BR,49,G,100
115,Belo Horizonte,Brazil,BR,8,G,10
127,PoPs-C3,,CL,51,G,1
124,PoPs-C2,,CL,59,G,1
137,Amsterdam,Netherlands,NL,70,G,5
96,Zagreb ,Croatia,HR,97,G,5
76,Paris,France,FR,94,G,10
44,RC-Nacional,Chile,,58,G,1
32,UCT,Chile,CL,45,G,1
86,Tel Aviv,Israel,IL,99,G,3
158,Sofia,Bulgaria,BG,83,G,10
161,Lisbon,Portugal,PT,94,G,10
26,Americas Light,Brazil,BR,,,
48,PoPs-C4,,CL,65,G,1
143,Frankfurt,Germany,DE,86,G,3
114,Belo Horizonte,Brazil,,17,G,10
81,Sofia,Bulgaria,BG,91,G,10
160,Budapest ,Hungary,,96,G,5
141,Poznan,Poland,PL,79,G,5
49,RedCLARA,Chile,CL,58,G,1
111,Brasilia,Brazil,BR,6,G,10
120,Sao Paulo,Brazil,BR,24,G,1
9,Vitoria,Brazil,,10,G,10
56,Temuco,Chile,CL,57,M,205
150,Paris,France,FR,77,G,5
46,PoPs-C2,,CL,60,G,1
151,Geneva,Switzerland,CH,78,G,5
77,Geneva,Switzerland,CH,94,G,5
129,PoPs-C4,,,64,G,1
159,Budapest ,Hungary,,92,G,5
36,UCN,Chile,CL,53,G,4
100,Moscow,Russia,RU,,,
112,Brasilia,Brazil,BR,27,M,20
128,PoPs-C4,,,58,G,1
132,PoPs-C4,,CL,66,G,1
58,Santiago,Chile,CL,,,
42,PITs Nacionales,Chile,CL,44,G,4
68,REUNA,Chile,CL,,,
11,Manaus,Brazil,BR,,,
50,Osorno,Chile,CL,55,M,155
22,Teresina,Brazil,,29,G,3
154,Milan,Italy,IT,94,G,10
15,Porto Alegre,Brazil,BR,16,G,10
14,Curitiba,Brazil,BR,21,G,3
91,Budapest ,Hungary,HU,95,G,10
8,Salvador,,BR,9,G,10
21,Campo Grande,Brazil,BR,,,
33,ULAGOS,Chile,CL,50,G,1
75,Luxembourg,Luxembourg,LU,76,G,10
142,Poznan,Poland,PL,73,G,10
102,Dublin,Ireland,IE,103,G,10
82,Bucharest,Romania,RO,91,G,10
66,UMCE,Chile,CL,,,
5,Brasilia,Brazil,,10,G,10
23,Natal,Brazil,BR,31,G,10
30,Sao Luis,Brazil,BR,31,G,3
37,UNAP Sede Santiago,Chile,CL,68,G,5
98,Vienna,Austria,AT,,,
93,Lisbon,Portugal,PT,103,G,10
130,PoPs-C4,,CL,67,G,1
78,Milan,Italy,IT,98,G,5
13,Cuiaba,Brazil,BR,18,G,3
62,ULS,Chile,CL,,,
140,Poznan,Poland,PL,74,G,10
119,Curitiba,Brazil,BR,17,G,10
88,Minsk,,BY,,,
108,Riga ,Latvia,LV,,,
69,Amsterdam,Netherlands,NL,99,G,3
74,Prague,Czech Republic,CZ,92,G,5
101,Reykjavik ,Iceland,IS,103,G,3
4,Joao Passoa,Brazil,BR,23,G,10
72,Poznan,Poland,PL,88,G,1
133,La Serena,Chile,CL,52,M,205
122,Fortaleza,Brazil,BR,94,G,100
92,Bratislava ,Slovakia,SK,98,G,5
35,UFRO,Chile,CL,45,G,3
107,Tallinn ,Estonia,EE,108,G,10
79,Kyiv,,UA,,,
17,Sao Paulo,Brazil,BR,25,G,4
12,Goiania,Brazil,BR,13,G,3
16,Florianopolis,Brazil,,17,G,10
41,Arica,Chile,CL,54,M,155
123,RC-12,,CL,58,G,1
90,Podgorica ,Montenegro,ME,96,M,155
31,Fortaleza,Brazil,BR,93,G,100
27,Boa Vista,Brazil,BR,,,
144,Frankfurt,,DE,98,G,10
136,Amsterdam,Netherlands,NL,71,G,5
73,Frankfurt,Germany,,85,G,1
134,Copiapo,Chile,CL,61,G,1
59,UDEC,Chile,CL,,,
145,Frankfurt,Germany,DE,77,G,5
34,UACH,Chile,CL,55,G,2
39,UTA,Chile,CL,41,G,7
63,AURA,Chile,CL,,,
117,Cuiaba,Brazil,BR,21,G,3
148,Frankfurt,Germany,DE,74,G,5
51,La Serena,Chile,CL,58,M,301
153,Milan,Italy,,87,G,1
131,PoPs-C4,,CL,68,G,1
85,Nicosia,Cyprus,CY,103,G,1
28,Macapa,,BR,,,
94,Madrid,Spain,ES,,,
38,UNAP,Chile,CL,54,G,6
29,Belem,Brazil,BR,30,G,3
52,Copiapo,Chile,CL,53,M,205
109,Recife,Brazil,BR,3,G,10
54,Iquique,Chile,CL,,,
57,Concepcion,Chile,CL,58,M,301
40,PoPs-C9,,,,,
113,Brasilia,Brazil,BR,11,M,200
156,Sofia,Bulgaria,BG,84,G,10
2,Maceio,Brazil,BR,7,G,10
116,Goiania,Brazil,BR,20,G,3
61,UDA,,CL,,,
64,UCHILE,,CL,,,
95,Belgrade,Serbia,RS,,,
83,Istanbul,Turkey,TR,,,
67,PoPs-C12,,CL,,,
20,Palmas,Brazil,BR,,,
55,Valdivia,Chile,,56,M,155
84,Athens,Greece,GR,98,G,10
118,Curitiba,Brazil,BR,15,G,10
89,Skopje,Macedonia,MK,,,
146,Frankfurt,Germany,DE,,,
7,Aracaju,Brazil,BR,8,G,10
18,Porto Velho,Brazil,BR,19,G,3
135,Amsterdam,,NL,103,G,3
70,Brussels,Belgium,BE,102,G,5
10,Rio de Janeiro,Brazil,BR,17,G,10
157,Sofia,Bulgaria,BG,82,G,10
106,Helsinki ,Finland,FI,,,
125,PoPs-C2,Chile,CL,57,G,1
103,London,United Kingdom,UK,,,
105,Stockholm ,Sweden,SE,106,G,5
60,UBB,Chile,,,,
